t,SHARED,NOISE,ISOLATED,SELECTIVE,PROPOSED-FULL
10.0,144.11884215242657,173.59780028803408,166.98559942415824,146.76793304735875,144.84584205684808
30.0,126.87413359751395,157.59129690340836,148.25581632483207,128.80919238444966,127.04614804068754
50.0,129.2173845146581,158.54260380788108,150.79227521346064,131.21993201143664,129.80993875725767
70.0,132.7041545294337,163.33056374547957,156.9908828490206,134.71750144106073,132.80826686996883
90.0,131.58416258151775,162.16121460067376,154.1063112034818,134.01333379881277,131.80781513575485
110.0,127.37881288215809,157.3413365806232,148.70502007988694,129.41581882941787,127.92143985024111
130.0,127.38924936528603,157.86200154470757,149.5621537359306,129.37738715287873,127.65550255873691
150.0,125.1715392773639,154.78079973914254,144.2310106218212,127.31715235500357,125.80744299810235
170.0,129.58711099102186,159.14676757796806,151.34589845804334,131.9799853544468,129.76121808662296
190.0,130.1474653748968,160.31176468046874,151.30906822619878,132.63031527027047,130.51607823660382
210.0,199.49514418711013,229.43345711337702,381.5015611324873,211.0468097452533,199.82522845951064
230.0,276.2952914797203,305.9896080859845,985.1266937748403,304.58690281529925,276.536802710107
250.0,208.46305060602123,238.70104887393728,1183.0424825378716,221.814702440356,208.76503481707783
270.0,240.83200940716665,270.6157963367244,1026.290405769482,260.4546046678888,241.1671754069419
290.0,249.022755382595,278.92786596288005,1508.3767287642484,287.831560165692,249.2829779750852
310.0,188.20473850108127,218.7377521355846,1391.1977547867605,200.46053058244664,188.43134166780186
330.0,211.56653236860683,241.71562633364064,1453.6750419881505,222.25837865566314,211.84715835462512
350.0,228.75701835553687,258.7003224294282,1588.9120506497632,241.20860304343017,229.00703251358635
370.0,275.33839654515066,305.4757039658698,2247.979431818347,325.6458889661795,275.62482897109055
390.0,219.19887346557726,249.49054814100546,2390.5697322887518,237.00955562168707,219.4289497440349
410.0,126.46921431389187,156.59925503133724,1448.8436297805597,128.81958505918183,126.76687143835616
430.0,126.11164435981777,156.071763555353,218.05205087024723,127.53960080771989,126.28071115059029
450.0,127.31834698092356,157.548344372806,146.04072396072405,128.68346941090869,127.4708443760419
470.0,126.19511577534999,156.03877354463089,149.49347399580444,128.92966482165647,126.51906113390046
490.0,133.14067181898903,162.8104557390052,154.30308263259536,135.49808385027399,133.4141933141738
510.0,129.88633301859986,159.54563007714222,150.1427602491094,132.3982616024033,130.19657276070018
530.0,131.85850485654137,161.66823002529932,150.24959088674814,133.42717302913906,132.34226127888965
550.0,124.7592162116345,154.6698852849717,144.28619840666994,126.86896265576934,125.29101001832605
570.0,124.81326023156558,154.72726717138215,147.27127835654733,126.9192233105891,125.04576507515682
590.0,131.3081688075948,162.03294930947408,153.18536673481424,133.25610322638784,131.51564532578612
