q,SHARED,NOISE,ISOLATED,SELECTIVE,PROPOSED-FULL,PROPOSED
0.00,12.13,16.85,12.13,12.13,12.13,12.13
0.01,23.05,41.20,24.97,23.25,23.05,23.05
0.02,27.32,48.66,31.87,27.82,27.32,27.32
0.03,32.90,52.63,37.99,33.56,32.90,32.90
0.04,36.68,56.19,40.77,37.19,36.68,36.68
0.05,39.22,59.13,43.68,39.67,39.22,39.22
0.06,40.91,61.81,45.91,41.47,40.91,40.91
0.07,42.64,64.18,47.80,43.32,42.64,42.64
0.08,44.25,67.03,49.32,44.94,44.25,44.25
0.09,45.72,69.05,51.31,46.30,45.72,45.72
0.10,46.96,71.21,52.60,47.62,46.96,46.96
0.11,48.15,73.25,54.57,48.70,48.15,48.15
0.12,49.11,75.22,56.48,49.86,49.11,49.11
0.13,50.15,77.68,58.04,51.17,50.17,50.17
0.14,51.35,79.78,60.07,52.16,51.37,51.37
0.15,52.30,82.18,61.93,53.37,52.31,52.31
0.16,53.53,84.46,64.42,54.56,53.54,53.54
0.17,54.64,86.26,67.46,55.65,54.65,54.65
0.18,55.66,88.08,72.37,56.86,55.71,55.71
0.19,56.76,90.27,79.66,57.91,56.82,56.82
0.20,57.77,92.36,88.10,59.05,57.79,57.79
0.21,58.82,94.42,95.42,60.55,58.89,58.89
0.22,60.25,96.43,100.95,61.86,60.32,60.32
0.23,61.46,99.08,105.50,63.40,61.52,61.52
0.24,62.84,101.59,109.30,65.55,62.91,62.91
0.25,64.51,103.87,112.32,68.42,64.64,64.64
0.26,66.72,106.53,114.82,72.37,66.90,66.90
0.27,70.08,109.39,117.25,77.53,70.37,70.37
0.28,74.11,112.00,119.38,84.24,74.49,74.49
0.29,80.17,114.74,121.49,93.49,80.94,80.94
0.30,88.10,118.55,123.42,99.03,88.86,88.86
0.31,95.54,121.86,125.43,103.80,95.96,95.96
0.32,101.37,126.08,127.36,108.10,101.61,101.59
0.33,106.17,129.67,128.92,110.78,106.35,106.35
0.34,109.50,133.04,130.59,113.32,109.67,109.67
0.35,112.07,137.02,132.44,115.64,112.20,112.20
0.36,114.50,140.34,134.37,118.08,114.62,114.62
0.37,116.65,142.96,136.25,119.88,116.72,116.72
0.38,118.74,145.56,138.04,121.68,118.76,118.76
0.39,120.72,148.31,140.04,123.52,120.74,120.74
0.40,122.47,150.92,142.34,125.45,122.54,122.54
0.41,124.36,153.32,144.29,127.34,124.42,124.42
0.42,126.32,155.49,146.47,128.90,126.38,126.38
0.43,128.04,157.43,148.78,130.89,128.09,128.09
0.44,129.78,159.55,150.98,132.64,129.83,129.83
0.45,131.60,161.76,153.52,134.30,131.64,131.64
0.46,133.54,163.61,155.81,136.13,133.66,133.66
0.47,135.09,165.58,158.62,137.71,135.21,135.20
0.48,136.93,167.23,160.92,139.29,137.06,137.06
0.49,138.50,168.87,163.17,141.22,138.61,138.59
0.50,140.13,170.88,165.69,142.96,140.21,140.21
0.51,141.88,172.83,167.68,144.66,142.00,142.00
0.52,143.59,174.56,169.82,146.61,143.66,143.66
0.53,145.31,176.60,171.44,148.78,145.47,145.47
0.54,147.28,178.32,173.19,150.88,147.40,147.40
0.55,149.58,179.95,174.85,153.17,149.67,149.67
0.56,151.88,181.62,176.66,155.24,151.99,151.99
0.57,153.91,183.32,178.48,157.50,154.08,154.08
0.58,156.05,185.34,180.12,159.57,156.27,156.27
0.59,158.22,187.38,181.93,161.46,158.32,158.32
0.60,160.41,189.47,183.72,163.79,160.61,160.61
0.61,162.43,191.09,185.14,165.73,162.58,162.58
0.62,164.61,192.81,186.84,167.49,164.83,164.83
0.63,166.55,194.77,188.39,169.66,166.80,166.80
0.64,168.44,196.83,190.36,171.05,168.77,168.74
0.65,170.30,198.65,191.97,172.72,170.46,170.46
0.66,171.73,200.26,193.59,174.30,172.04,172.02
0.67,173.45,202.04,195.35,176.09,173.62,173.62
0.68,174.93,203.92,197.03,177.99,175.12,175.12
0.69,177.03,205.75,199.05,179.54,177.25,177.25
0.70,178.73,207.48,201.39,181.07,178.90,178.90
0.71,180.20,209.76,203.25,182.88,180.45,180.45
0.72,181.95,211.72,205.21,184.45,182.18,182.18
0.73,183.60,213.68,207.55,186.19,183.78,183.78
0.74,185.12,215.80,209.71,187.91,185.35,185.34
0.75,186.84,218.15,212.00,189.43,187.09,187.08
0.76,188.39,220.15,214.33,191.23,188.57,188.57
0.77,190.26,221.99,217.09,192.78,190.49,190.49
0.78,191.62,223.76,219.86,194.62,191.90,191.88
0.79,193.45,225.79,223.95,196.42,193.60,193.60
0.80,195.27,228.28,226.97,198.27,195.48,195.46
0.81,197.08,230.26,231.30,200.44,197.24,197.24
0.82,199.16,232.35,235.07,202.62,199.40,199.40
0.83,201.59,234.73,239.31,204.51,201.75,201.75
0.84,203.59,237.50,243.24,206.80,203.77,203.77
0.85,205.86,239.83,247.89,209.15,206.05,206.05
0.86,208.34,242.69,252.49,212.07,208.62,208.62
0.87,211.30,245.61,257.19,214.78,211.62,211.53
0.88,213.92,248.92,262.09,218.09,214.23,214.23
0.89,217.27,252.52,267.39,222.74,217.53,217.53
0.90,221.70,256.39,273.34,227.73,222.36,222.36
0.91,226.65,261.11,279.55,233.83,227.02,227.02
0.92,233.06,266.86,287.24,239.46,233.36,233.36
0.93,239.67,273.45,295.44,245.94,239.82,239.82
0.94,246.85,280.72,306.18,255.00,247.01,246.98
0.95,256.75,289.70,315.21,264.58,256.86,256.86
0.96,267.80,301.12,328.91,274.66,267.97,267.97
0.97,279.95,312.36,347.02,289.79,280.36,280.23
0.98,296.54,330.55,369.00,307.88,296.69,296.69
0.99,325.65,359.42,406.36,335.59,326.21,326.21
1.00,513.43,554.73,619.07,513.43,513.43,513.43
